rank,name,name_ascii,institution,country,arxiv_rank,openalex_rank,zbmath_rank,arxiv_papers,openalex_works,openalex_citations,zbmath_papers,overall_h_index,h_index_source,first_active_year,last_active_year,birth_year,doctoral_advisor,orcid,wikidata_id
1,Kaisa Matomäki,Kaisa Matomaki,University of Turku,FI,1,9,30,17,29,458,,16,openalex,2007,2023,,,,
2,Janos Pintz,Janos Pintz,Alfréd Rényi Institute of Mathematics,HU,19,14,2,11,25,713,,26,openalex,1981,2015,,,,
3,Terence Tao,Terence Tao,"University of California, Los Angeles",US,8,28,28,12,14,333,,101,openalex,2015,2026,,,,
4,D. R. Heath-Brown,D. R. Heath-Brown,University of Oxford,GB,,47,6,1,18,617,,45,openalex,1978,2021,,,,
5,Alessandro Zaccagnini,Alessandro Zaccagnini,University of Parma,IT,5,17,85,14,19,123,,14,openalex,2008,2021,,,,
6,Glyn Harman,Glyn Harman,Royal Holloway University of London,GB,,76,5,,12,805,,19,openalex,1981,2016,,,,
7,Daniel A. Goldston,Daniel A. Goldston,San Jose State University,US,46,46,4,7,17,267,,21,openalex,1984,2018,,,,
8,John B. Friedlander,John B. Friedlander,University of Toronto,CA,,58,8,2,12,104,,34,openalex,2004,2010,,,,
9,Runbo Li,Runbo Li,The High School Affiliated to Renmin University of China,CN,13,15,,5,14,5,,,,2023,2026,,,,
10,Alessandro Languasco,Alessandro Languasco,University of Padua,IT,6,13,112,13,26,140,,12,openalex,1994,2021,,,,
11,Carl Pomerance,Carl Pomerance,Dartmouth College,US,,,7,2,4,10,,39,openalex,1989,2021,,,,
12,James Maynard,James Maynard,University of Oxford,GB,12,104,17,8,8,94,,11,openalex,2012,2024,,,,
13,Joni Teräväinen,Joni Teravainen,University of Cambridge,GB,7,31,118,11,11,65,,9,openalex,2019,2023,,,,
14,K. Soundararajan,K. Soundararajan,Stanford University,US,9,33,100,12,15,438,,33,openalex,2004,2018,,,,
15,Ofir Gorodetsky,Ofir Gorodetsky,Technion - Israel Institute of Technology,IL,10,78,,7,7,33,,5,openalex,2021,2024,,,,
16,Brad Rodgers,Brad Rodgers,Queen's University,CA,11,74,,7,7,48,,8,openalex,2020,2022,,,,
17,Henryk Iwaniec,Henryk Iwaniec,Rutgers University,US,,133,9,,10,304,,50,openalex,1979,2010,,,,
18,Etienne Fouvry,Etienne Fouvry,University of Paris-Saclay,FR,,,20,,,,,28,openalex,1990,1990,,,,
19,Jiseong Kim,Jiseong Kim,University of Mississippi,US,15,,,5,,,,20,openalex,2021,2021,,,,
20,Jesse Thorner,Jesse Thorner,University of Illinois Urbana-Champaign,US,16,73,,8,8,79,,9,openalex,2014,2021,,,,
21,Chaohua Jia,Chaohua Jia,Chinese Academy of Sciences,CN,,,24,,7,68,,11,openalex,1995,1995,,,,
22,Yu-Chen Sun,Yu-Chen Sun,University of Turku,FI,17,,,4,,,,,,2022,2022,,,,
23,Stephan Baier,Stephan Baier,Ramakrishna Mission Vivekananda Educational and Research Institute,IN,26,60,33,5,8,4,,14,openalex,2025,2026,,,,
24,Kevin Ford,Kevin Ford,University of Illinois Urbana-Champaign,US,25,,29,5,,,,,,2008,2018,,,,
25,Jie Wu,Jie Wu,Université Paris-Est Créteil Val-de-Marne,FR,51,112,14,4,7,56,,19,openalex,2010,2010,,,,
26,Paul Pollack,Paul Pollack,University of Georgia,US,24,129,21,6,7,80,,13,openalex,2012,2014,,,,
27,Roger C. Baker,Roger C. Baker,Brigham Young University,US,70,113,12,3,8,667,,34,openalex,1996,2016,,,,
28,Efrat Bank,Efrat Bank,Tel Aviv University,IL,23,,,5,4,48,,3,openalex,2017,2019,,,,
29,Andrew Granville,Andrew Granville,Université de Montréal,CA,61,49,27,3,13,444,,32,openalex,2017,2023,,,,
30,Adrian Dudek,Adrian Dudek,University of Queensland,AU,18,57,122,7,10,18,,5,openalex,2014,2024,,,,
31,Harold G. Diamond,Harold G. Diamond,University of Illinois Urbana-Champaign,US,,,34,,2,127,,19,openalex,1996,1996,,,,
32,Alberto Perelli,Alberto Perelli,University of Genoa,IT,63,40,35,3,19,244,,20,openalex,1982,2017,,,,
33,Jörg Brüdern,Jorg Brudern,University of Göttingen,DE,,,39,,5,11,,19,openalex,1999,1999,,,,
34,Mayank Pandey,Mayank Pandey,Princeton University,US,34,,,3,,,,,,2023,2023,,,,
35,Jerzy Kaczorowski,Jerzy Kaczorowski,Adam Mickiewicz University in Poznań,PL,,,42,,5,27,,19,openalex,1993,1993,,,,
36,Alexandru Zaharescu,Alexandru Zaharescu,University of Illinois Urbana-Champaign,US,31,59,92,6,12,71,,24,openalex,2008,2018,,,,
37,Matt Visser,Matt Visser,Victoria University of Wellington,NZ,21,178,,6,4,8,,,,2018,2025,,,,
38,Cameron L. Stewart,Cameron L. Stewart,University of Waterloo,CA,,,44,,,,,20,openalex,1985,1985,,,,
39,Xuancheng Shao,Xuancheng Shao,University of Kentucky,US,28,135,,3,5,29,,10,openalex,2019,2023,,,,
40,Sun-Kai Leung,Sun-Kai Leung,University of Oxford,GB,37,81,,3,6,2,,1,openalex,2024,2026,,,,
41,Tristan Freiberg,Tristan Freiberg,University of Waterloo,CA,20,140,82,6,6,52,,4,openalex,2010,2026,,,,
42,Bingrong Huang,Bingrong Huang,Shandong University,CN,33,106,,5,7,52,,7,openalex,2014,2016,,,,
43,Adolf Hildebrand,Adolf Hildebrand,University of Illinois Urbana-Champaign,US,,,46,,6,286,,,,1989,1996,,,,
44,Jori Merikoski,Jori Merikoski,University of Helsinki,FI,22,110,96,4,6,10,,2,openalex,2021,2023,,,,
45,Vivian Kuperberg,Vivian Kuperberg,ETH Zurich,CH,27,70,127,4,7,6,,3,openalex,2020,2025,,,,
46,Sergey Konyagin,Sergey Konyagin,Steklov Mathematical Institute,RU,30,105,71,4,8,89,,28,openalex,2015,2018,,,,
47,Angel Kumchev,Angel Kumchev,Towson University,US,42,,48,3,5,48,,12,openalex,2002,2013,,,,
48,Helmut Maier,Helmut Maier,University of Ulm,DE,,103,45,1,8,196,,18,openalex,1981,2017,,,,
49,Wenguang Zhai,Wenguang Zhai,China University of Mining and Technology (Beijing),CN,,48,87,,14,40,,13,openalex,2007,2007,,,,
50,Adam J. Harper,Adam J. Harper,University of Warwick,GB,43,,,3,3,32,,12,openalex,2017,2018,,,,
51,William D. Banks,William D. Banks,University of Missouri,US,41,75,60,4,8,62,,21,openalex,2014,2014,,,,
52,Zeev Rudnick,Zeev Rudnick,Tel Aviv University,IL,29,179,,5,5,120,,32,openalex,2012,2026,,,,
53,Emmanuel Kowalski,Emmanuel Kowalski,ETH Zurich,CH,,,52,1,3,37,,29,openalex,2007,2007,,,,
54,Hongze Li,Hongze Li,Shanghai Jiao Tong University,CN,,,53,1,,,,,,1994,1997,,,,
55,Michael Th. Rassias,Michael Th. Rassias,Hellenic Military Academy,GR,36,45,188,3,10,21,,24,openalex,2015,2024,,,,
56,J. P. Keating,J. P. Keating,University of Oxford,GB,50,,,4,4,126,,40,openalex,2012,2016,,,,
57,Guangshi Lü,Guangshi Lu,Shandong University,CN,,61,65,,10,64,,,,2006,2007,,,,
58,Hugh Lowell Montgomery,Hugh Lowell Montgomery,University of Michigan,US,,138,50,1,8,1335,,32,openalex,1971,2012,,,,
59,Edva Roditty-Gershon,Edva Roditty-Gershon,University of Bristol,GB,53,,,3,2,3,,,,2020,2022,,,,
60,D. Bazzanella,D. Bazzanella,Politecnico di Torino,IT,,101,58,1,11,36,,,,2000,2013,,,,
61,Cem Yalçın Yıldırım,Cem Yalcin Yildirim,Boğaziçi University,TR,76,193,40,5,7,74,,,,1998,2013,,,,
62,Jianya Liu,Jianya Liu,Shandong University,CN,,,69,1,,,,14,openalex,2007,2009,,,,
63,M. B. Milinovich,M. B. Milinovich,University of Mississippi,US,57,139,,3,5,84,,11,openalex,2017,2022,,,,
64,Christian Axler,Christian Axler,Heinrich Heine University Düsseldorf,DE,,184,57,2,4,16,,5,openalex,2017,2022,,,,
65,Ethan Smith,Ethan Smith,-,US,68,,,4,3,17,,,,2012,2014,,,,
66,Andrés Chirre,Andres Chirre,Pontificia Universidad Católica del Perú,PE,54,200,,3,3,12,,5,openalex,2021,2022,,,,
67,Antal Balog,Antal Balog,Alfréd Rényi Institute of Mathematics,HU,,192,61,2,6,85,,18,openalex,1986,1999,,,,
68,Fred B. Holt,Fred B. Holt,Independent,US,,,78,2,,,,6,openalex,2026,2026,,,,
69,Hao Pan,Hao Pan,Nanjing University of Finance and Economics,CN,,198,62,2,4,27,,17,openalex,2022,2022,,,,
70,Yoichi Motohashi,Yoichi Motohashi,Nihon University,JP,74,197,51,3,6,45,,19,openalex,1979,2015,,,,
71,S. Salerno,S. Salerno,University of Salerno,IT,,,79,,4,28,,,,1982,1982,,,,
72,Chantal David,Chantal David,Concordia University,CA,77,,,3,2,8,,14,openalex,2012,2013,,,,
73,Victor Zhenyu Guo,Victor Zhenyu Guo,Xi'an Jiaotong University,CN,,,84,1,1,0,,,,2026,2026,,,,
74,Alexei Kourbatov,Alexei Kourbatov,Independent,US,65,,109,3,3,13,,4,openalex,2013,2019,,,,
75,M. N. Huxley,M. N. Huxley,Cardiff University,GB,,191,76,,8,555,,,,1972,1978,,,,
76,Régis de la Bretèche,Regis de la Breteche,Université Paris Cité,FR,56,131,160,3,5,9,,14,openalex,2020,2025,,,,
77,Aled Walker,Aled Walker,Kings College London,GB,75,181,,3,4,10,,,,2021,2022,,,,
78,S. W. Graham,S. W. Graham,Central Michigan University,US,,,103,,1,27,,15,openalex,2004,2004,,,,
79,Timothy S. Trudgian,Timothy S. Trudgian,UNSW Canberra,AU,,,106,2,1,1,,,,2014,2014,,,,
80,Trevor D. Wooley,Trevor D. Wooley,Purdue University West Lafayette,US,69,188,119,3,6,25,,28,openalex,1999,1999,,,,
81,P. Moree,P. Moree,Max Planck Institute for Mathematics,DE,,,120,1,,,,20,openalex,2019,2019,,,,
82,Emre Alkan,Emre Alkan,Koç University,TR,,,130,,3,12,,,,2016,2016,,,,
83,Michaela Cully-Hugill,Michaela Cully-Hugill,-,AU,,130,141,2,5,10,,3,openalex,2019,2024,,,,
84,Greg Martin,Greg Martin,University of British Columbia,CA,,,136,1,1,9,,16,openalex,2012,2014,,,,
85,Minggao Lu,Minggao Lu,Shanghai University,CN,,,143,,4,57,,3,openalex,1985,1985,,,,
86,Ben Green,Ben Green,University of Oxford,GB,,,145,1,,,,32,openalex,2016,2018,,,,
87,A. H. Ledoan,A. H. Ledoan,University of Tennessee at Chattanooga,US,,144,157,2,6,18,,,,2011,2018,,,,
88,Qi Yao,Qi Yao,Dalhousie University,CA,,,184,,,,,,,1993,1993,,,,
89,Feng Zhao,Feng Zhao,North China University of Water Resources and Electric Power,CN,,,200,,3,4,,,,2016,2017,,,,
